"","Age","AnyHealthcare","BMI","CholCheck","Diabetes_binary","DiffWalk","Education","Fruits","GenHlth","HeartDiseaseorAttack","HighBP","HighChol","HvyAlcoholConsump","Income","MentHlth","NoDocbcCost","PhysActivity","PhysHlth","Sex","Smoker","Stroke","Veggies"
"1",0.1851489603744,-0.00843119999999949,0.1666,-5.15245121341305e-16,1,0.0524209679999995,-0.0439665402000003,-0.0129340000000002,0.18,5.75825868174984e-17,0.119999999999999,0.0850000000000001,9.62148600003942e-05,-0.0346107264000004,0.0425880000000001,0.00585295200000084,-0.0700276000000005,0.0755999999999996,0.0168797999999998,0.01986,2.91009349633393e-16,-0.00395999999999979
